{
	"name":"Default brand",
	"version":"1.0",
	"interface":{
		"primary":"#bb2124",
		"primaryAlt":"#d31115",
		"primaryAlt2":"#671215",
		"primaryAlt3":"#bb2124",
		"primaryAlt4":"#00abee",
		"primaryContrast":"#fff",
		"secondary":"#fff",
		"secondaryAlt":"#444",
		"secondaryAlt2":"#555",
		"secondaryAlt3":"#777",
		"secondaryContrast":"#fff",
		"neutralPrimary":"#fff",
		"neutralPrimaryAlt":"#f4f4f4",
		"neutralPrimaryAlt2":"#e3e3e3",
		"neutralPrimaryAlt3":"#c8c8c8",
		"neutralPrimaryContrast":"#000",
		"neutralSecondary":"#fff",
		"neutralSecondaryAlt":"#eaeaea",
		"neutralSecondaryAlt2":"#b7b7b7",
		"neutralSecondaryAlt3":"#acacac",
		"neutralSecondaryContrast":"#000",
		"neutralTertiary":"#b7b7b7",
		"neutralTertiaryAlt":"#c8c8c8",
		"neutralTertiaryAlt2":"#eaeaea",
		"neutralTertiaryAlt3":"#fff",
		"neutralTertiaryContrast":"#222",
		"danger":"#bb2124",
		"success":"#2b3",
		"warning":"#f0ad4e",
		"info":"#5bc0de",
		"dangerContrast":"#fff",
		"successContrast":"#fff",
		"warningContrast":"#fff",
		"infoContrast":"#fff",
		"kpiGood":"#4fb443",
		"kpiBad":"#de061a",
		"kpiNeutral":"#d9b42c",
		"kpiNone":"#333",
		"kpiGoodContrast":"#fff",
		"kpiBadContrast":"#fff",
		"kpiNeutralContrast":"#fff",
		"kpiNoneContrast":"#fff"
	},
	"theme":{
		"dataPoints":[
			"#0072c6",
			"#f68c1f",
			"#269657",
			"#dd5900",
			"#5b3573",
			"#22bdef",
			"#b4009e",
			"#008274",
			"#fdc336",
			"#ea3c00",
			"#00188f",
			"#9f9f9f"
		],

		"good":"#85ba00",
		"bad":"#e90000",
		"neutral":"#edb327",
		"none":"#333",

		"background":"#fff",
		"foreground":"#222",
		"mapBase":"#00aeef",
		"panelBackground":"#f6f6f6",
		"panelForeground":"#222",
		"panelAccent":"#00aeef",
		"tableAccent":"#00aeef",

		"altBackground":"#f6f6f6",
		"altForeground":"#000",
		"altMapBase":"#f68c1f",
		"altPanelBackground":"#235378",
		"altPanelForeground":"#fff",
		"altPanelAccent":"#fdc336",
		"altTableAccent":"#fdc336"
	}
}