﻿{
    "$schema": "http://schema.management.azure.com/schemas/2015-01-01/deploymentTemplate.json#",
    "contentVersion": "1.0.0.0",
    "variables": {
      "storageName": "[concat('storage', uniqueString(subscription().id, resourceGroup().id))]"
    },
    "resources": [
      {
        "type": "Microsoft.Storage/storageAccounts",
        "name": "[variables('storageName')]",
        "apiVersion": "2015-06-15",
        "location": "[resourceGroup().location]",
        "tags": {
          "displayName": "StorageAccount"
        },
        "properties": {
          "accountType": "Standard_LRS"
        }
      }
    ],
    "outputs": {
      "storageName": {
        "type": "string",
        "value": "[variables('storageName')]"
      }
    }
}
