{
    "$schema": "https://schema.management.azure.com/schemas/2015-01-01/deploymentTemplate.json#",
    "contentVersion": "1.0.0.0",
    "parameters": {
        "env": {
            "type": "string"
        },
        "adminName": {
            "type": "string"
        },
        "adminPassword": {
            "type": "securestring"
        },
        "_artifactsLocation": {
            "type": "string"
        },
        "_artifactsLocationSasToken": {
            "type": "securestring"
        },
        "locationFriendly": {
            "type": "string"
        }
    },
    "variables": {
        "storageName": "[concat('storage', uniqueString(subscription().id, resourceGroup().id))]",
        "rgName": "[parameters('env')]",
        "serverName": "[parameters('env')]",
        "serverNameLower": "[toLower(variables('serverName'))]",
        "scriptName": "bootstrap.ps1",
        "scriptFile": "[concat(parameters('_artifactsLocation'), '/', variables('scriptName'), parameters('_artifactsLocationSasToken'))]",
        "secondaryScriptName": "config.ps1",
        "secondaryScriptFile": "[concat(parameters('_artifactsLocation'), '/', variables('secondaryScriptName'), parameters('_artifactsLocationSasToken'))]",
        "sqlScriptName": "setup.sql",
        "sqlScriptFile": "[concat(parameters('_artifactsLocation'), '/', variables('sqlScriptName'), parameters('_artifactsLocationSasToken'))]",
        "enableStretchPsName": "enableStretch.ps1",
        "enableStretchPsFile": "[concat(parameters('_artifactsLocation'), '/', variables('enableStretchPsName'), parameters('_artifactsLocationSasToken'))]",
        "disableStretchPsName": "disableStretch.ps1",
        "disableStretchPsFile": "[concat(parameters('_artifactsLocation'), '/', variables('disableStretchPsName'), parameters('_artifactsLocationSasToken'))]",
        "enableStretchName": "enableStretch.sql",
        "enableStretchFile": "[concat(parameters('_artifactsLocation'), '/', variables('enableStretchName'), parameters('_artifactsLocationSasToken'))]",
        "disableStretchName": "disableStretch.sql",
        "disableStretchFile": "[concat(parameters('_artifactsLocation'), '/', variables('disableStretchName'), parameters('_artifactsLocationSasToken'))]",
        "parametersName": "parameters.json",
        "parametersFile": "[concat(parameters('_artifactsLocation'), '/', variables('parametersName'), parameters('_artifactsLocationSasToken'))]",
        "webAppName": "webapp.zip",
        "webAppFile": "[concat(parameters('_artifactsLocation'), '/', variables('webAppName'), parameters('_artifactsLocationSasToken'))]"
    },
    "resources": [
        {
            "type": "Microsoft.Storage/storageAccounts",
            "name": "[variables('storageName')]",
            "apiVersion": "2015-06-15",
            "location": "[resourceGroup().location]",
            "tags": {
                "displayName": "StorageAccount"
            },
            "properties": {
                "accountType": "Standard_LRS"
            }
        },
        {
            "type": "Microsoft.Compute/virtualMachines",
            "name": "[variables('serverName')]",
            "apiVersion": "2015-06-15",
            "location": "[resourceGroup().location]",
            "properties": {
                "hardwareProfile": {
                    "vmSize": "Standard_DS11"
                },
                "storageProfile": {
                    "imageReference": {
                        "publisher": "MicrosoftSQLServer",
                        "offer": "SQL2016-WS2012R2",
                        "sku": "Enterprise",
                        "version": "latest"
                    },
                    "osDisk": {
                        "name": "[variables('serverName')]",
                        "createOption": "FromImage",
                        "vhd": {
                            "uri": "[concat('https', '://', variables('storageName'), '.blob.core.windows.net', concat('/vhds/', variables('serverName'),'201658223012.vhd'))]"
                        },
                        "caching": "ReadWrite"
                    },
                    "dataDisks": [
                        {
                            "lun": 0,
                            "name": "[concat(variables('serverName'),'-disk-1')]",
                            "createOption": "Empty",
                            "vhd": {
                                "uri": "[concat('https', '://', variables('storageName'), '.blob.core.windows.net', concat('/vhds/', variables('serverName'),'-disk-1-201658223012.vhd'))]"
                            },
                            "caching": "ReadOnly",
                            "diskSizeGB": 1023
                        }
                    ]
                },
                "osProfile": {
                    "computerName": "[variables('serverName')]",
                    "adminUsername": "[parameters('adminName')]",
                    "windowsConfiguration": {
                        "provisionVMAgent": true,
                        "enableAutomaticUpdates": true
                    },
                    "secrets": [],
                    "adminPassword": "[parameters('adminPassword')]"
                },
                "networkProfile": {
                    "networkInterfaces": [
                        {
                            "id": "[resourceId('Microsoft.Network/networkInterfaces', variables('serverName'))]"
                        }
                    ]
                }
            },
            "dependsOn": [
                "[resourceId('Microsoft.Storage/storageAccounts', variables('storageName'))]",
                "[resourceId('Microsoft.Network/networkInterfaces', variables('serverName'))]"
            ],
            "resources": [
                {
                    "type": "extensions",
                    "name": "CustomScriptExtension",
                    "location": "[resourceGroup().location]",
                    "apiVersion": "2015-06-15",
                    "dependsOn": [
                        "[concat('Microsoft.Compute/virtualMachines/', variables('serverName'))]"
                    ],
                    "properties": {
                        "publisher": "Microsoft.Compute",
                        "type": "CustomScriptExtension",
                        "typeHandlerVersion": "1.4",
                        "settings": {
                            "fileUris": [
                                "[variables('scriptFile')]",
                                "[variables('secondaryScriptFile')]",
                                "[variables('sqlScriptFile')]",
                                "[variables('parametersFile')]",
                                "[variables('enableStretchPsFile')]",
                                "[variables('disableStretchPsFile')]",
                                "[variables('enableStretchFile')]",
                                "[variables('disableStretchFile')]",
                                "[variables('webAppFile')]"
                            ],
                            "commandToExecute": "[concat('powershell -ExecutionPolicy Unrestricted -File ', variables('scriptName'), ' -Verbose -sqlServerName ', variables('serverName'))]"
                        }
                    }
                }
            ]
        },
        {
            "type": "Microsoft.Network/networkInterfaces",
            "name": "[variables('serverName')]",
            "apiVersion": "2015-06-15",
            "location": "[resourceGroup().location]",
            "properties": {
                "ipConfigurations": [
                    {
                        "name": "ipconfig1",
                        "properties": {
                            "privateIPAddress": "10.4.0.4",
                            "privateIPAllocationMethod": "Dynamic",
                            "publicIPAddress": {
                                "id": "[resourceId('Microsoft.Network/publicIPAddresses', variables('serverName'))]"
                            },
                            "subnet": {
                                "id": "[concat(resourceId('Microsoft.Network/virtualNetworks', variables('serverName')), '/subnets/default')]"
                            }
                        }
                    }
                ],
                "dnsSettings": {
                    "dnsServers": []
                },
                "enableIPForwarding": false,
                "networkSecurityGroup": {
                    "id": "[resourceId('Microsoft.Network/networkSecurityGroups', variables('serverName'))]"
                }
            },
            "dependsOn": [
                "[resourceId('Microsoft.Network/publicIPAddresses', variables('serverName'))]",
                "[resourceId('Microsoft.Network/virtualNetworks', variables('serverName'))]",
                "[resourceId('Microsoft.Network/networkSecurityGroups', variables('serverName'))]"
            ]
        },
        {
            "type": "Microsoft.Network/networkSecurityGroups",
            "name": "[variables('serverName')]",
            "apiVersion": "2015-06-15",
            "location": "[resourceGroup().location]",
            "properties": {
                "securityRules": [
                    {
                        "name": "default-allow-rdp",
                        "properties": {
                            "protocol": "Tcp",
                            "sourcePortRange": "*",
                            "destinationPortRange": "3389",
                            "sourceAddressPrefix": "*",
                            "destinationAddressPrefix": "*",
                            "access": "Allow",
                            "priority": 1000,
                            "direction": "Inbound"
                        }
                    },
                    {
                        "name": "sql",
                        "properties": {
                            "protocol": "*",
                            "sourcePortRange": "*",
                            "destinationPortRange": "1433",
                            "sourceAddressPrefix": "*",
                            "destinationAddressPrefix": "*",
                            "access": "Allow",
                            "priority": 1010,
                            "direction": "Inbound"
                        }
                    },
                    {
                        "name": "sql1",
                        "properties": {
                            "description": "",
                            "protocol": "*",
                            "sourcePortRange": "1433",
                            "destinationPortRange": "1433",
                            "sourceAddressPrefix": "*",
                            "destinationAddressPrefix": "*",
                            "access": "Allow",
                            "priority": 100,
                            "direction": "Outbound"
                        }
                    },
                    {
                        "name": "public",
                        "properties": {
                            "protocol": "*",
                            "sourcePortRange": "*",
                            "destinationPortRange": "80",
                            "sourceAddressPrefix": "*",
                            "destinationAddressPrefix": "*",
                            "access": "Allow",
                            "priority": 1020,
                            "direction": "Inbound"
                        }
                    }
                ]
            },
            "dependsOn": []
        },
        {
            "type": "Microsoft.Network/publicIPAddresses",
            "name": "[variables('serverName')]",
            "apiVersion": "2015-06-15",
            "location": "[resourceGroup().location]",
            "properties": {
                "publicIPAllocationMethod": "Dynamic",
                "idleTimeoutInMinutes": 4
            },
            "dependsOn": []
        },
        {
            "type": "Microsoft.Network/virtualNetworks",
            "name": "[variables('serverName')]",
            "apiVersion": "2015-06-15",
            "location": "[resourceGroup().location]",
            "properties": {
                "addressSpace": {
                    "addressPrefixes": [
                        "10.4.0.0/16"
                    ]
                },
                "subnets": [
                    {
                        "name": "default",
                        "properties": {
                            "addressPrefix": "10.4.0.0/24"
                        }
                    }
                ]
            },
            "dependsOn": []
        },
        {
            "type": "Microsoft.Sql/servers",
            "kind": "v12.0",
            "name": "[variables('serverNameLower')]",
            "apiVersion": "2014-04-01-preview",
            "location": "[resourceGroup().location]",
            "properties": {
                "administratorLogin": "[parameters('adminName')]",
                "administratorLoginPassword": "[parameters('adminPassword')]",
                "version": "12.0"
            },
            "dependsOn": []
        },
        {
            "type": "Microsoft.Sql/servers/firewallrules",
            "kind": "v12.0",
            "name": "[concat(variables('serverNameLower'), '/AllowAllWindowsAzureIps')]",
            "apiVersion": "2014-04-01-preview",
            "location": "[resourceGroup().location]",
            "properties": {
                "startIpAddress": "0.0.0.0",
                "endIpAddress": "0.0.0.0"
            },
            "dependsOn": [
                "[resourceId('Microsoft.Sql/servers', variables('serverNameLower'))]"
            ]
        },
        {
            "type": "Microsoft.Sql/servers/firewallrules",
            "kind": "v12.0",
            "name": "[concat(variables('serverNameLower'), '/AllowEverything')]",
            "apiVersion": "2014-04-01-preview",
            "location": "[resourceGroup().location]",
            "properties": {
                "startIpAddress": "0.0.0.0",
                "endIpAddress": "255.255.255.255"
            },
            "dependsOn": [
                "[resourceId('Microsoft.Sql/servers', variables('serverNameLower'))]"
            ]
        }
    ]
}